method,official_url,branch_or_ref,commit,snapshot_path,license,import_route,submodules_included,import_date,redistribution_status
GPTQ,https://github.com/IST-DASLab/gptq.git,main,2d65066eeb06a5c9ff5184d8cebdf33662c67faf,int/gptq/GPTQ/upstream,Apache-2.0,remote-clone-archive,no,2026-08-17,allowed-with-license
SmoothQuant,https://github.com/mit-han-lab/smoothquant.git,main,c61476d728e42ae0d8a35e7e78494edcac3237b5,int/smooth/SmoothQuant/upstream,MIT,local-origin-ref-archive,none,2026-08-17,allowed-with-license
OmniQuant,https://github.com/OpenGVLab/OmniQuant.git,origin/main,feffe8ea87d80f7bb57b6e25e7cff9dc950fcc14,int/rotation/OmniQuant/upstream,MIT,local-origin-ref-archive,none,2026-08-17,allowed-with-license
AffineQuant,https://github.com/bytedance/AffineQuant.git,main,0f3ba9392bb0037f30750c4b2dbdd38469a2d7da,int/rotation/AffineQuant/upstream,Apache-2.0,remote-clone-archive,none,2026-08-17,allowed-with-license
QuaRot,https://github.com/spcl/QuaRot.git,origin/main,5008669b08c1f11f9b64d52d16fddd47ca754c5a,int/rotation/QuaRot/upstream,Apache-2.0,local-origin-ref-archive,no,2026-08-17,allowed-core-only
DuQuant,https://github.com/Hsu1023/DuQuant.git,origin/main,d56cfc6fe97c34c0eb100fec82fe439865905679,int/rotation/DuQuant/upstream,MIT,local-origin-ref-archive,none,2026-08-17,allowed-with-license
SpinQuant,https://github.com/facebookresearch/SpinQuant.git,origin/main,8f47aa3f00e8662caf1a484153920a07e5281c3a,int/rotation/SpinQuant/upstream,CC-BY-NC-4.0,local-origin-ref-archive,none,2026-08-17,noncommercial-only
OSTQuant,https://github.com/BrotherHappy/OSTQuant.git,main,ab64362da147291612d077accaab5d3ed7b508b6,int/rotation/OSTQuant/upstream,Apache-2.0,remote-clone-archive,none,2026-08-17,allowed-with-license
FlatQuant,https://github.com/ruikangliu/FlatQuant.git,origin/main,9d88ffcb7d2c6bda59fb5c44dad36adc101aadb1,int/rotation/FlatQuant/upstream,MIT,local-origin-ref-archive,no,2026-08-17,allowed-core-only
GuidedQuant,https://github.com/snu-mllab/GuidedQuant.git,main,62bf3b8d6b54693ecccca6c7bbb32b3fcaded953,int/gptq/GuidedQuant/upstream,MIT,remote-clone-archive,none,2026-08-17,allowed-with-license
Q-Palette,https://github.com/snu-mllab/Q-Palette.git,main,025f27f311774d4618fcc0d47e4c8d33ee568a6c,int/rotation/Q-Palette/upstream,MIT,remote-clone-archive,none,2026-08-17,allowed-with-license
ParoQuant,https://github.com/z-lab/paroquant.git,origin/legacy,8e5ac77bff10e5a47fc5491eca0ab1c4370e3d85,int/rotation/ParoQuant/upstream,MIT,local-origin-ref-archive,none,2026-08-17,allowed-with-license
SliderQuant,https://github.com/deep-optimization/SliderQuant.git,origin/main,eed0b8542f208c0e1d629ee3dd36f69416bb2a2e,int/rotation/SliderQuant/upstream,Apache-2.0,local-origin-ref-archive,none,2026-08-17,allowed-with-license
MR-GPTQ/FP-Quant,https://github.com/IST-DASLab/FP-Quant.git,origin/master,d2e3092f968262c4de5fb050e1aef568a280dadd,fp4/methods/MR-GPTQ/upstream,NO-LICENSE-FOUND,local-origin-ref-archive,none,2026-08-17,local-research-only
MicroMix,https://github.com/lwy2020/MicroMix.git,micromix,c57370bc38f999e1f75aada9c4b8a85baa44aaae,fp4/methods/MicroMix/upstream,NO-LICENSE-FOUND,remote-clone-archive,no,2026-08-17,local-research-only
DuQuant++,https://github.com/Hsu1023/DuQuant-v2.git,main,6c13ec07a3241f2d4ad6415a06403aef43919db9,fp4/methods/DuQuantPP/upstream,MIT,remote-clone-archive,none,2026-08-17,allowed-with-license
MixFP4,,,UNAVAILABLE,fp4/methods/MixFP4,UNKNOWN,not-imported,unknown,2026-08-17,blocked-no-official-code
